{
  "All": {
    "Copy-Last": {
      "mAP": 0.6079306549257018,
      "IoU": 0.7557087210606964,
      "L2": 26.299837933953935,
      "n": 18170,
      "AP@0.50": 0.8739680792515134,
      "AP@0.55": 0.8443037974683544,
      "AP@0.60": 0.8097413318657127,
      "AP@0.65": 0.7629609246009906,
      "AP@0.70": 0.7083104017611448,
      "AP@0.75": 0.6382498624105669,
      "AP@0.80": 0.5539350577875619,
      "AP@0.85": 0.4407815079801871,
      "AP@0.90": 0.3049532195927353,
      "AP@0.95": 0.14210236653824987
    },
    "Const. Vel.": {
      "mAP": 0.5895872317006055,
      "IoU": 0.7418237783140224,
      "L2": 29.287990276972277,
      "n": 18170,
      "AP@0.50": 0.8603192074848651,
      "AP@0.55": 0.8296642817831591,
      "AP@0.60": 0.7931755641166759,
      "AP@0.65": 0.7466152999449642,
      "AP@0.70": 0.6931755641166758,
      "AP@0.75": 0.6242157402311502,
      "AP@0.80": 0.5336268574573473,
      "AP@0.85": 0.4174463401210787,
      "AP@0.90": 0.27930654925701703,
      "AP@0.95": 0.11832691249312052
    },
    "Baseline LSTM": {
      "mAP": 0.58821133736929,
      "IoU": 0.7467774255446561,
      "L2": 24.512340508273457,
      "n": 18170,
      "AP@0.50": 0.877325261419923,
      "AP@0.55": 0.8494771601541001,
      "AP@0.60": 0.8127132636213539,
      "AP@0.65": 0.7675839295542103,
      "AP@0.70": 0.7074848651623555,
      "AP@0.75": 0.6305448541552009,
      "AP@0.80": 0.5286186020913594,
      "AP@0.85": 0.40170610897083103,
      "AP@0.90": 0.2387451843698404,
      "AP@0.95": 0.06791414419372592
    },
    "Multi-Modal (Ours)": {
      "mAP": 0.6076995046780408,
      "IoU": 0.7586546882268285,
      "L2": 23.90431792839693,
      "n": 18170,
      "AP@0.50": 0.8864061640066043,
      "AP@0.55": 0.8582828838745185,
      "AP@0.60": 0.824105668684645,
      "AP@0.65": 0.7815630159603743,
      "AP@0.70": 0.7256466703357182,
      "AP@0.75": 0.6527242707760044,
      "AP@0.80": 0.5599889928453495,
      "AP@0.85": 0.43291139240506327,
      "AP@0.90": 0.27220693450742983,
      "AP@0.95": 0.08315905338470006
    }
  },
  "Low Motion (bottom 33%)": {
    "Copy-Last": {
      "mAP": 0.8492772667542707,
      "IoU": 0.8991447494410556,
      "L2": 4.103930445640065,
      "n": 6088,
      "AP@0.50": 0.9894875164257556,
      "AP@0.55": 0.9850525624178712,
      "AP@0.60": 0.9784822601839684,
      "AP@0.65": 0.9663272010512484,
      "AP@0.70": 0.9508869908015769,
      "AP@0.75": 0.9213206307490145,
      "AP@0.80": 0.8772996057818659,
      "AP@0.85": 0.7996057818659659,
      "AP@0.90": 0.6496386333771353,
      "AP@0.95": 0.3746714848883049
    },
    "Const. Vel.": {
      "mAP": 0.7697930354796322,
      "IoU": 0.8532424280094105,
      "L2": 9.657135971575858,
      "n": 6088,
      "AP@0.50": 0.961892247043364,
      "AP@0.55": 0.9502299605781866,
      "AP@0.60": 0.9329829172141918,
      "AP@0.65": 0.913107752956636,
      "AP@0.70": 0.8860052562417872,
      "AP@0.75": 0.83919185282523,
      "AP@0.80": 0.7693823915900131,
      "AP@0.85": 0.6662286465177398,
      "AP@0.90": 0.5124835742444153,
      "AP@0.95": 0.2664257555847569
    },
    "Baseline LSTM": {
      "mAP": 0.7359888304862023,
      "IoU": 0.8341755752418675,
      "L2": 8.60571986768008,
      "n": 6088,
      "AP@0.50": 0.9576215505913273,
      "AP@0.55": 0.9464520367936925,
      "AP@0.60": 0.9305190538764783,
      "AP@0.65": 0.9040735873850198,
      "AP@0.70": 0.8664586070959264,
      "AP@0.75": 0.8165243101182654,
      "AP@0.80": 0.7398160315374507,
      "AP@0.85": 0.6245072273324573,
      "AP@0.90": 0.42986202365308807,
      "AP@0.95": 0.144053876478318
    },
    "Multi-Modal (Ours)": {
      "mAP": 0.7717477003942181,
      "IoU": 0.8560353986436744,
      "L2": 7.6261939922226505,
      "n": 6088,
      "AP@0.50": 0.97026938239159,
      "AP@0.55": 0.9605781865965834,
      "AP@0.60": 0.9453022339027596,
      "AP@0.65": 0.9249342969776609,
      "AP@0.70": 0.8971747700394218,
      "AP@0.75": 0.8566031537450722,
      "AP@0.80": 0.7961563731931669,
      "AP@0.85": 0.6846254927726675,
      "AP@0.90": 0.49704336399474375,
      "AP@0.95": 0.1847897503285151
    }
  },
  "Medium Motion (middle 33%)": {
    "Copy-Last": {
      "mAP": 0.6375373382011285,
      "IoU": 0.7846989083452193,
      "L2": 14.701884396480557,
      "n": 6026,
      "AP@0.50": 0.9385994025887819,
      "AP@0.55": 0.9161964819117159,
      "AP@0.60": 0.886491868569532,
      "AP@0.65": 0.8441752406239629,
      "AP@0.70": 0.7852638566213077,
      "AP@0.75": 0.7029538665781613,
      "AP@0.80": 0.5919349485562562,
      "AP@0.85": 0.4273149684699635,
      "AP@0.90": 0.23382011284434118,
      "AP@0.95": 0.04862263524726187
    },
    "Const. Vel.": {
      "mAP": 0.6214736143378692,
      "IoU": 0.7707345797773435,
      "L2": 19.193512566672027,
      "n": 6026,
      "AP@0.50": 0.9093926319283107,
      "AP@0.55": 0.8835048124792566,
      "AP@0.60": 0.8539661466976436,
      "AP@0.65": 0.8076667772983737,
      "AP@0.70": 0.7537338201128443,
      "AP@0.75": 0.6787255227348158,
      "AP@0.80": 0.5718552937271822,
      "AP@0.85": 0.4307998672419515,
      "AP@0.90": 0.25174244938599405,
      "AP@0.95": 0.07334882177231995
    },
    "Baseline LSTM": {
      "mAP": 0.6402256886823764,
      "IoU": 0.7848760546853846,
      "L2": 15.098097878671785,
      "n": 6026,
      "AP@0.50": 0.9342847660139396,
      "AP@0.55": 0.9152007965482908,
      "AP@0.60": 0.8846664454032526,
      "AP@0.65": 0.8488217723199469,
      "AP@0.70": 0.793063391968138,
      "AP@0.75": 0.71042150680385,
      "AP@0.80": 0.595751742449386,
      "AP@0.85": 0.43611018918021904,
      "AP@0.90": 0.2321606372386326,
      "AP@0.95": 0.0517756388981082
    },
    "Multi-Modal (Ours)": {
      "mAP": 0.6551775638898109,
      "IoU": 0.7932116434662276,
      "L2": 14.4226333195615,
      "n": 6026,
      "AP@0.50": 0.9419183538001992,
      "AP@0.55": 0.9198473282442748,
      "AP@0.60": 0.8956189844009294,
      "AP@0.65": 0.8611018918021905,
      "AP@0.70": 0.8079986724195154,
      "AP@0.75": 0.7296714238300697,
      "AP@0.80": 0.6208098240955858,
      "AP@0.85": 0.46199800862927315,
      "AP@0.90": 0.25854629936939927,
      "AP@0.95": 0.054264852306671094
    }
  },
  "High Motion (top 33%)": {
    "Copy-Last": {
      "mAP": 0.3358487450462352,
      "IoU": 0.5826681977191902,
      "L2": 60.153528952063155,
      "n": 6056,
      "AP@0.50": 0.6935270805812418,
      "AP@0.55": 0.6312747688243064,
      "AP@0.60": 0.5637384412153237,
      "AP@0.65": 0.4777080581241744,
      "AP@0.70": 0.3878797886393659,
      "AP@0.75": 0.2892998678996037,
      "AP@0.80": 0.19105019815059446,
      "AP@0.85": 0.09346103038309114,
      "AP@0.90": 0.029227212681638044,
      "AP@0.95": 0.001321003963011889
    },
    "Const. Vel.": {
      "mAP": 0.37670079260237777,
      "IoU": 0.6010488065565097,
      "L2": 59.06704636903349,
      "n": 6056,
      "AP@0.50": 0.7093791281373845,
      "AP@0.55": 0.654887714663144,
      "AP@0.60": 0.5921400264200792,
      "AP@0.65": 0.5184940554821664,
      "AP@0.70": 0.43906869220607664,
      "AP@0.75": 0.35386393659180976,
      "AP@0.80": 0.2585865257595773,
      "AP@0.85": 0.15406208718626155,
      "AP@0.90": 0.07232496697490093,
      "AP@0.95": 0.014200792602377808
    },
    "Baseline LSTM": {
      "mAP": 0.38789630118890356,
      "IoU": 0.6210075651485772,
      "L2": 49.87061866975169,
      "n": 6056,
      "AP@0.50": 0.7399273447820344,
      "AP@0.55": 0.6865918097754293,
      "AP@0.60": 0.6226882430647291,
      "AP@0.65": 0.5495376486129459,
      "AP@0.70": 0.46251651254953763,
      "AP@0.75": 0.3641017173051519,
      "AP@0.80": 0.24950462351387054,
      "AP@0.85": 0.14349405548216645,
      "AP@0.90": 0.053170409511228534,
      "AP@0.95": 0.0074306472919418755
    },
    "Multi-Modal (Ours)": {
      "mAP": 0.39554161162483487,
      "IoU": 0.6263736483836353,
      "L2": 49.703170302285855,
      "n": 6056,