{
  "Copy-Last-Frame": {
    "overall": {
      "mAP": 0.030050933786078104,
      "IoU": 0.12845267240761096,
      "L2": 131.5134772135669,
      "MSE": 16786.245914685907,
      "AP@0.50": 0.07809847198641766,
      "AP@0.55": 0.05857385398981324,
      "AP@0.60": 0.04838709677419355,
      "AP@0.65": 0.03395585738539898,
      "AP@0.70": 0.02801358234295416,
      "AP@0.75": 0.021222410865874362,
      "AP@0.80": 0.013582342954159592,
      "AP@0.85": 0.011035653650254669,
      "AP@0.90": 0.005942275042444821,
      "AP@0.95": 0.001697792869269949
    },
    "gap_1": {
      "mAP": 0.05012285012285013,
      "IoU": 0.17288175516424892,
      "L2": 98.43894831071029,
      "MSE": 10773.007831695331,
      "AP@0.50": 0.10565110565110565,
      "AP@0.55": 0.08108108108108109,
      "AP@0.60": 0.07371007371007371,
      "AP@0.65": 0.06142506142506143,
      "AP@0.70": 0.056511056511056514,
      "AP@0.75": 0.044226044226044224,
      "AP@0.80": 0.03194103194103194,
      "AP@0.85": 0.02457002457002457,
      "AP@0.90": 0.0171990171990172,
      "AP@0.95": 0.004914004914004914
    },
    "gap_2-3": {
      "mAP": 0.02388059701492537,
      "IoU": 0.11386069662889826,
      "L2": 125.91941381079047,
      "MSE": 13850.108442164179,
      "AP@0.50": 0.06343283582089553,
      "AP@0.55": 0.05223880597014925,
      "AP@0.60": 0.041044776119402986,
      "AP@0.65": 0.029850746268656716,
      "AP@0.70": 0.022388059701492536,
      "AP@0.75": 0.014925373134328358,
      "AP@0.80": 0.007462686567164179,
      "AP@0.85": 0.007462686567164179,
      "AP@0.90": 0.0,
      "AP@0.95": 0.0
    },
    "gap_4-6": {
      "mAP": 0.01242603550295858,
      "IoU": 0.10005364008454506,
      "L2": 132.23055860417836,
      "MSE": 15708.074704142013,
      "AP@0.50": 0.05917159763313609,
      "AP@0.55": 0.029585798816568046,
      "AP@0.60": 0.023668639053254437,
      "AP@0.65": 0.011834319526627219,
      "AP@0.70": 0.0,
      "AP@0.75": 0.0,
      "AP@0.80": 0.0,
      "AP@0.85": 0.0,
      "AP@0.90": 0.0,
      "AP@0.95": 0.0
    },
    "gap_7-10": {
      "mAP": 0.015254237288135594,
      "IoU": 0.12493564251916862,
      "L2": 117.20890655557989,
      "MSE": 10590.659427966102,
      "AP@0.50": 0.06779661016949153,
      "AP@0.55": 0.03389830508474576,
      "AP@0.60": 0.025423728813559324,
      "AP@0.65": 0.00847457627118644,
      "AP@0.70": 0.00847457627118644,
      "AP@0.75": 0.00847457627118644,
      "AP@0.80": 0.0,
      "AP@0.85": 0.0,
      "AP@0.90": 0.0,
      "AP@0.95": 0.0
    },
    "gap_11+": {
      "mAP": 0.02175925925925926,
      "IoU": 0.08698257433435949,
      "L2": 208.02873109336252,
      "MSE": 35987.92592592593,
      "AP@0.50": 0.06481481481481481,
      "AP@0.55": 0.06018518518518518,
      "AP@0.60": 0.041666666666666664,
      "AP@0.65": 0.018518518518518517,
      "AP@0.70": 0.013888888888888888,
      "AP@0.75": 0.009259259259259259,
      "AP@0.80": 0.004629629629629629,
      "AP@0.85": 0.004629629629629629,
      "AP@0.90": 0.0,
      "AP@0.95": 0.0
    }
  },
  "Const. Velocity": {
    "overall": {
      "mAP": 0.017062818336162987,
      "IoU": 0.05604061161911871,
      "L2": 394.25596443309445,
      "MSE": 215488.65306663836,
      "AP@0.50": 0.03480475382003396,
      "AP@0.55": 0.028862478777589132,
      "AP@0.60": 0.02631578947368421,
      "AP@0.65": 0.01867572156196944,
      "AP@0.70": 0.01697792869269949,
      "AP@0.75": 0.014431239388794566,
      "AP@0.80": 0.011884550084889643,
      "AP@0.85": 0.010186757215619695,
      "AP@0.90": 0.0050933786078098476,
      "AP@0.95": 0.003395585738539898
    },
    "gap_1": {
      "mAP": 0.04373464373464373,
      "IoU": 0.11693099203304426,
      "L2": 140.50891457347964,
      "MSE": 17110.425522113022,
      "AP@0.50": 0.08353808353808354,
      "AP@0.55": 0.0687960687960688,
      "AP@0.60": 0.06633906633906633,
      "AP@0.65": 0.04914004914004914,
      "AP@0.70": 0.04668304668304668,
      "AP@0.75": 0.03931203931203931,
      "AP@0.80": 0.03194103194103194,
      "AP@0.85": 0.02702702702702703,
      "AP@0.90": 0.014742014742014743,
      "AP@0.95": 0.009828009828009828
    },
    "gap_2-3": {
      "mAP": 0.006343283582089553,
      "IoU": 0.04963446144056298,
      "L2": 239.53497055306363,
      "MSE": 39574.577425373136,
      "AP@0.50": 0.014925373134328358,
      "AP@0.55": 0.014925373134328358,
      "AP@0.60": 0.011194029850746268,
      "AP@0.65": 0.007462686567164179,
      "AP@0.70": 0.0037313432835820895,
      "AP@0.75": 0.0037313432835820895,
      "AP@0.80": 0.0037313432835820895,
      "AP@0.85": 0.0037313432835820895,
      "AP@0.90": 0.0,
      "AP@0.95": 0.0
    },
    "gap_4-6": {
      "mAP": 0.0,
      "IoU": 0.013399402975358245,
      "L2": 314.6737939958742,
      "MSE": 62575.887943786984,
      "AP@0.50": 0.0,
      "AP@0.55": 0.0,
      "AP@0.60": 0.0,
      "AP@0.65": 0.0,
      "AP@0.70": 0.0,
      "AP@0.75": 0.0,
      "AP@0.80": 0.0,
      "AP@0.85": 0.0,
      "AP@0.90": 0.0,
      "AP@0.95": 0.0
    },
    "gap_7-10": {
      "mAP": 0.001694915254237288,
      "IoU": 0.011094084967488139,
      "L2": 420.67243173566914,
      "MSE": 91038.53336864407,
      "AP@0.50": 0.00847457627118644,
      "AP@0.55": 0.00847457627118644,
      "AP@0.60": 0.0,
      "AP@0.65": 0.0,
      "AP@0.70": 0.0,
      "AP@0.75": 0.0,
      "AP@0.80": 0.0,
      "AP@0.85": 0.0,
      "AP@0.90": 0.0,
      "AP@0.95": 0.0
    },
    "gap_11+": {
      "mAP": 0.0018518518518518517,
      "IoU": 0.007172638587050002,
      "L2": 1112.1842945946587,
      "MSE": 995175.1452546297,
      "AP@0.50": 0.009259259259259259,
      "AP@0.55": 0.004629629629629629,
      "AP@0.60": 0.004629629629629629,
      "AP@0.65": 0.0,
      "AP@0.70": 0.0,
      "AP@0.75": 0.0,
      "AP@0.80": 0.0,
      "AP@0.85": 0.0,
      "AP@0.90": 0.0,
      "AP@0.95": 0.0
    }
  },
  "Avg. Velocity": {
    "overall": {
      "mAP": 0.020118845500848893,
      "IoU": 0.09074752297660957,
      "L2": 209.4936259432691,
      "MSE": 61998.110677634715,
      "AP@0.50": 0.04838709677419355,
      "AP@0.55": 0.03904923599320883,
      "AP@0.60": 0.03225806451612903,
      "AP@0.65": 0.02461799660441426,
      "AP@0.70": 0.01867572156196944,
      "AP@0.75": 0.015280135823429542,
      "AP@0.80": 0.010186757215619695,
      "AP@0.85": 0.006791171477079796,
      "AP@0.90": 0.004244482173174873,
      "AP@0.95": 0.001697792869269949
    },
    "gap_1": {
      "mAP": 0.045454545454545456,
      "IoU": 0.15342629940151203,
      "L2": 107.43111846414772,
      "MSE": 11532.961225701198,
      "AP@0.50": 0.09828009828009827,
      "AP@0.55": 0.08353808353808354,
      "AP@0.60": 0.07125307125307126,
      "AP@0.65": 0.056511056511056514,
      "AP@0.70": 0.044226044226044224,
      "AP@0.75": 0.03931203931203931,
      "AP@0.80": 0.02702702702702703,
      "AP@0.85": 0.0171990171990172,
      "AP@0.90": 0.012285012285012284,
      "AP@0.95": 0.004914004914004914
    },
    "gap_2-3": {
      "mAP": 0.011567164179104477,
      "IoU": 0.08016407450334405,
      "L2": 139.62878548998887,
      "MSE": 15993.886860443585,
      "AP@0.50": 0.029850746268656716,
      "AP@0.55": 0.022388059701492536,
      "AP@0.60": 0.018656716417910446,
      "AP@0.65": 0.014925373134328358,
      "AP@0.70": 0.014925373134328358,
      "AP@0.75": 0.007462686567164179,
      "AP@0.80": 0.0037313432835820895,
      "AP@0.85": 0.0037313432835820895,
      "AP@0.90": 0.0,
      "AP@0.95": 0.0
    },
    "gap_4-6": {
      "mAP": 0.003550295857988166,
      "IoU": 0.05655228811834206,
      "L2": 177.173411438451,
      "MSE": 25865.575784937166,
      "AP@0.50": 0.01775147928994083,
      "AP@0.55": 0.011834319526627219,
      "AP@0.60": 0.005917159763313609,
      "AP@0.65": 0.0,
      "AP@0.70": 0.0,
      "AP@0.75": 0.0,
      "AP@0.80": 0.0,
      "AP@0.85": 0.0,
      "AP@0.90": 0.0,
      "AP@0.95": 0.0
    },
    "gap_7-10": {
      "mAP": 0.005084745762711864,
      "IoU": 0.06512117941796748,